"main_pack","sub_pack","stage","month","forecast","baseline","actuals"
"Anderson Aubrey IS SNP","Anderson Aubrey IS SNP","Concept Design including investigations and consultations where applicable",2022-08-01,2950.43137254902,1882.35294117647,0
"Anderson Aubrey IS SNP","Anderson Aubrey IS SNP","Concept Design including investigations and consultations where applicable",2022-09-01,5532.05882352941,3529.41176470588,0
"Anderson Aubrey IS SNP","Anderson Aubrey IS SNP","Concept Design including investigations and consultations where applicable",2022-10-01,5716.46078431373,3647.05882352941,0
"Anderson Aubrey IS SNP","Anderson Aubrey IS SNP","Concept Design including investigations and consultations where applicable",2022-11-01,4610.04901960784,2941.17647058824,0
"Anderson Aubrey IS SNP","Anderson Aubrey IS SNP","Construction",2023-08-01,11719.89,19000,23518.68
"Anderson Aubrey IS SNP","Anderson Aubrey IS SNP","Construction",2023-09-01,117198.9,190000,149669.27
"Anderson Aubrey IS SNP","Anderson Aubrey IS SNP","Construction",2023-10-01,121105.53,196333.333333333,201465.01
"Anderson Aubrey IS SNP","Anderson Aubrey IS SNP","Construction",2023-11-01,117198.9,190000,46054.79
"Anderson Aubrey IS SNP","Anderson Aubrey IS SNP","Construction",2023-12-01,31253.04,50666.6666666667,-578.78
"Anderson Aubrey IS SNP","Anderson Aubrey IS SNP","Construction",2024-02-01,0,0,12118.31
"Anderson Aubrey IS SNP","Anderson Aubrey IS SNP","Detailed Design",2023-02-01,1927.27272727273,2036.36363636364,0
"Anderson Aubrey IS SNP","Anderson Aubrey IS SNP","Detailed Design",2023-03-01,7468.18181818182,7890.90909090909,0
"Anderson Aubrey IS SNP","Anderson Aubrey IS SNP","Detailed Design",2023-04-01,7227.27272727273,7636.36363636364,0
"Anderson Aubrey IS SNP","Anderson Aubrey IS SNP","Detailed Design",2023-05-01,7468.18181818182,7890.90909090909,0
"Anderson Aubrey IS SNP","Anderson Aubrey IS SNP","Detailed Design",2023-06-01,7227.27272727273,7636.36363636364,0
"Anderson Aubrey IS SNP","Anderson Aubrey IS SNP","Detailed Design",2023-07-01,7468.18181818182,7890.90909090909,0
"Anderson Aubrey IS SNP","Anderson Aubrey IS SNP","Detailed Design",2023-08-01,963.636363636364,1018.18181818182,0
"Anderson Aubrey IS SNP","Anderson Aubrey IS SNP","MSQA",2023-08-01,0,0,0
"Anderson Aubrey IS SNP","Anderson Aubrey IS SNP","MSQA",2023-09-01,0,0,0
"Anderson Aubrey IS SNP","Anderson Aubrey IS SNP","MSQA",2023-10-01,0,0,0
"Anderson Aubrey IS SNP","Anderson Aubrey IS SNP","MSQA",2023-11-01,0,0,0
"Anderson Aubrey IS SNP","Anderson Aubrey IS SNP","MSQA",2023-12-01,0,0,0
"Anderson Rd Active Travel","Anderson Rd Active Travel","Construction",2023-02-01,35800.6186186186,0,0
"Anderson Rd Active Travel","Anderson Rd Active Travel","Construction",2023-03-01,138727.397147147,0,99511.08
"Anderson Rd Active Travel","Anderson Rd Active Travel","Construction",2023-04-01,134252.31981982,0,154757.63
"Anderson Rd Active Travel","Anderson Rd Active Travel","Construction",2023-05-01,138727.397147147,0,405263.65
"Anderson Rd Active Travel","Anderson Rd Active Travel","Construction",2023-06-01,134252.31981982,0,174882.25
"Anderson Rd Active Travel","Anderson Rd Active Travel","Construction",2023-07-01,138727.397147147,0,167443.97
"Anderson Rd Active Travel","Anderson Rd Active Travel","Construction",2023-08-01,138727.397147147,0,77991.97
"Anderson Rd Active Travel","Anderson Rd Active Travel","Construction",2023-09-01,134252.31981982,0,21797.42
"Anderson Rd Active Travel","Anderson Rd Active Travel","Construction",2023-10-01,138727.397147147,0,88993.95
"Anderson Rd Active Travel","Anderson Rd Active Travel","Construction",2023-11-01,134252.31981982,0,134276.49
"Anderson Rd Active Travel","Anderson Rd Active Travel","Construction",2023-12-01,138727.397147147,0,65403.88
"Anderson Rd Active Travel","Anderson Rd Active Travel","Construction",2024-01-01,85026.4692192192,0,0
"Anderson Rd Active Travel","Anderson Rd Active Travel","Construction",2024-02-01,0,0,44705.48
"Anderson Rd Active Travel","Anderson Rd Active Travel","MSQA",2023-02-01,1111.95195195195,463.303303303303,0
"Anderson Rd Active Travel","Anderson Rd Active Travel","MSQA",2023-03-01,4308.81381381381,1795.3003003003,0
"Anderson Rd Active Travel","Anderson Rd Active Travel","MSQA",2023-04-01,4169.81981981982,1737.38738738739,0
"Anderson Rd Active Travel","Anderson Rd Active Travel","MSQA",2023-05-01,4308.81381381381,1795.3003003003,0
"Anderson Rd Active Travel","Anderson Rd Active Travel","MSQA",2023-06-01,4169.81981981982,1737.38738738739,0
"Anderson Rd Active Travel","Anderson Rd Active Travel","MSQA",2023-07-01,4308.81381381381,1795.3003003003,0
"Anderson Rd Active Travel","Anderson Rd Active Travel","MSQA",2023-08-01,4308.81381381381,1795.3003003003,0
"Anderson Rd Active Travel","Anderson Rd Active Travel","MSQA",2023-09-01,4169.81981981982,1737.38738738739,0
"Anderson Rd Active Travel","Anderson Rd Active Travel","MSQA",2023-10-01,4308.81381381381,1795.3003003003,0
"Anderson Rd Active Travel","Anderson Rd Active Travel","MSQA",2023-11-01,4169.81981981982,1737.38738738739,0
"Anderson Rd Active Travel","Anderson Rd Active Travel","MSQA",2023-12-01,4308.81381381381,1795.3003003003,0
"Anderson Rd Active Travel","Anderson Rd Active Travel","MSQA",2024-01-01,2640.88588588589,1100.34534534535,0
"Anderson Rd Active Travel","Anderson Rd Active Travel","Tender Period and Evaluation",2022-11-01,0,0,0
"Anderson Rd Active Travel","Anderson Rd Active Travel","Tender Period and Evaluation",2022-12-01,0,0,0
"Anderson Rd Active Travel","Anderson Rd Active Travel","Tender Period and Evaluation",2023-01-01,0,0,0
"Anderson Rd Active Travel","Anderson Rd Active Travel","Tender Period and Evaluation",2023-02-01,0,0,0
"Anderson Rd Active Travel","Anderson Rd Active Travel","Tender document preparation",2022-06-01,8025.78947368421,8025.78947368421,0
"Anderson Rd Active Travel","Anderson Rd Active Travel","Tender document preparation",2022-07-01,5234.21052631579,5234.21052631579,0
"Arrowtown Traffic Calming 1","Arrowtown Traffic Calming 1","Concept Design including investigations and consultations where applicable",2023-09-01,2485,12000,0
"Arrowtown Traffic Calming 1","Arrowtown Traffic Calming 1","Construction - Maintenance",2024-05-01,98620.5121951219,24756.0975609756,139429
"Arrowtown Traffic Calming 1","Arrowtown Traffic Calming 1","Construction - Maintenance",2024-06-01,40808.487804878,10243.9024390244,0
"Arrowtown Traffic Calming 1","Arrowtown Traffic Calming 1","Detailed Design",2023-09-01,1449.27536231884,347.826086956522,0
"Arrowtown Traffic Calming 1","Arrowtown Traffic Calming 1","Detailed Design",2023-10-01,5615.94202898551,1347.82608695652,0
"Arrowtown Traffic Calming 1","Arrowtown Traffic Calming 1","Detailed Design",2023-11-01,5434.78260869565,1304.34782608696,0
"Arrowtown Traffic Calming 1","Arrowtown Traffic Calming 1","MSQA",2024-05-01,5078.0487804878,0,0
"Arrowtown Traffic Calming 1","Arrowtown Traffic Calming 1","MSQA",2024-06-01,1861.9512195122,0,0
"Ballantyne Riverbanks IS","Ballantyne Riverbanks IS","Construction",2024-01-01,171257.48502994,0,113486.26
"Ballantyne Riverbanks IS","Ballantyne Riverbanks IS","Construction",2024-02-01,191017.964071856,0,175140.8
"Ballantyne Riverbanks IS","Ballantyne Riverbanks IS","Construction",2024-03-01,204191.616766467,0,220123.19
"Ballantyne Riverbanks IS","Ballantyne Riverbanks IS","Construction",2024-04-01,197604.790419162,0,172956.92
"Ballantyne Riverbanks IS","Ballantyne Riverbanks IS","Construction",2024-05-01,204191.616766467,0,336665
"Ballantyne Riverbanks IS","Ballantyne Riverbanks IS","Construction",2024-06-01,131736.526946108,0,0
"Ballantyne Riverbanks IS","Ballantyne Riverbanks IS","Detailed Design",2022-08-01,3022.0316027088,0,0
"Ballantyne Riverbanks IS","Ballantyne Riverbanks IS","Detailed Design",2022-09-01,11332.618510158,0,0
"Ballantyne Riverbanks IS","Ballantyne Riverbanks IS","Detailed Design",2022-10-01,11710.3724604966,0,0
"Ballantyne Riverbanks IS","Ballantyne Riverbanks IS","Detailed Design",2022-11-01,11332.618510158,0,0
"Ballantyne Riverbanks IS","Ballantyne Riverbanks IS","Detailed Design",2022-12-01,11710.3724604966,0,0
"Ballantyne Riverbanks IS","Ballantyne Riverbanks IS","Detailed Design",2023-01-01,11710.3724604966,0,0
"Ballantyne Riverbanks IS","Ballantyne Riverbanks IS","Detailed Design",2023-02-01,10577.1106094808,0,0
"Ballantyne Riverbanks IS","Ballantyne Riverbanks IS","Detailed Design",2023-03-01,11710.3724604966,0,0
"Ballantyne Riverbanks IS","Ballantyne Riverbanks IS","Detailed Design",2023-04-01,11332.618510158,0,0
"Ballantyne Riverbanks IS","Ballantyne Riverbanks IS","Detailed Design",2023-05-01,11710.3724604966,0,0
"Ballantyne Riverbanks IS","Ballantyne Riverbanks IS","Detailed Design",2023-06-01,11332.618510158,0,0
"Ballantyne Riverbanks IS","Ballantyne Riverbanks IS","Detailed Design",2023-07-01,11710.3724604966,0,0
"Ballantyne Riverbanks IS","Ballantyne Riverbanks IS","Detailed Design",2023-08-01,11710.3724604966,0,0
"Ballantyne Riverbanks IS","Ballantyne Riverbanks IS","Detailed Design",2023-09-01,11332.618510158,0,0
"Ballantyne Riverbanks IS","Ballantyne Riverbanks IS","Detailed Design",2023-10-01,11710.3724604966,0,0
"Ballantyne Riverbanks IS","Ballantyne Riverbanks IS","Detailed Design",2023-11-01,3399.7855530474,0,0
"Ballantyne Riverbanks IS","Ballantyne Riverbanks IS","MSQA",2024-01-01,8444.55089820359,0,0
"Ballantyne Riverbanks IS","Ballantyne Riverbanks IS","MSQA",2024-02-01,9418.92215568862,0,0
"Ballantyne Riverbanks IS","Ballantyne Riverbanks IS","MSQA",2024-03-01,10068.502994012,0,0
"Ballantyne Riverbanks IS","Ballantyne Riverbanks IS","MSQA",2024-04-01,9743.7125748503,0,0
"Ballantyne Riverbanks IS","Ballantyne Riverbanks IS","MSQA",2024-05-01,10068.502994012,0,0
"Ballantyne Riverbanks IS","Ballantyne Riverbanks IS","MSQA",2024-06-01,6495.80838323353,0,0
"Ballantyne Riverbanks IS","Ballantyne Riverbanks IS","Tendering",2023-11-01,5607.80487804878,0,0
"Ballantyne Riverbanks IS","Ballantyne Riverbanks IS","Tendering",2023-12-01,5888.19512195122,0,0
"Cardrona Barriers","Cardrona Barriers","Concept Design including investigations and consultations where applicable",2022-10-01,0,0,0
"Cardrona Barriers","Cardrona Barriers","Concept Design including investigations and consultations where applicable",2022-11-01,0,0,0
"Cardrona Barriers","Cardrona Barriers","Construction",2023-06-01,0,0,0
"Cardrona Barriers","Cardrona Barriers","Construction",2023-07-01,0,0,0
"Cardrona Barriers","Cardrona Barriers","Construction",2023-08-01,0,0,0
"Cardrona Barriers","Cardrona Barriers","Construction",2023-09-01,0,0,0
"Cardrona Barriers","Cardrona Barriers","Construction",2023-10-01,0,0,0
"Cardrona Barriers","Cardrona Barriers","Construction",2023-11-01,0,0,0
"Cardrona Barriers","Cardrona Barriers","Detailed Design",2022-12-01,0,0,0
"Cardrona Barriers","Cardrona Barriers","Detailed Design",2023-01-01,0,0,0
"Cardrona Barriers","Cardrona Barriers","Detailed Design",2023-02-01,0,0,0
"Cardrona Barriers","Cardrona Barriers","Detailed Design",2023-03-01,0,0,0
"Cardrona Barriers","Cardrona Barriers","MSQA",2023-06-01,0,0,0
"Cardrona Barriers","Cardrona Barriers","MSQA",2023-07-01,0,0,0
"Cardrona Barriers","Cardrona Barriers","MSQA",2023-08-01,0,0,0
"Cardrona Barriers","Cardrona Barriers","MSQA",2023-09-01,0,0,0
"Cardrona Barriers","Cardrona Barriers","MSQA",2023-10-01,0,0,0
"Cardrona Barriers","Cardrona Barriers","MSQA",2023-11-01,0,0,0
"Cardrona Barriers","Cardrona Barriers","Tender",2023-04-01,0,0,0
"Cardrona Barriers","Cardrona Barriers","Tender",2023-05-01,0,0,0
"Cardrona Barriers","Cardrona Barriers","Tender",2023-06-01,0,0,0
"Cardrona Valley Road Barriers","Cardrona Valley Road Barriers","Concept Design including investigations and consultations where applicable",2022-11-01,0,10666.6666666667,0
"Cardrona Valley Road Barriers","Cardrona Valley Road Barriers","Concept Design including investigations and consultations where applicable",2022-12-01,0,1333.33333333333,0
"Cardrona Valley Road Barriers","Cardrona Valley Road Barriers","Construction",2023-06-01,172183.401459854,95749.4598540146,0
"Cardrona Valley Road Barriers","Cardrona Valley Road Barriers","Construction",2023-07-01,485244.131386861,269839.386861314,0
"Cardrona Valley Road Barriers","Cardrona Valley Road Barriers","Construction",2023-08-01,485244.131386861,269839.386861314,434135.42
"Cardrona Valley Road Barriers","Cardrona Valley Road Barriers","Construction",2023-09-01,469591.094890511,261134.890510949,307523.52
"Cardrona Valley Road Barriers","Cardrona Valley Road Barriers","Construction",2023-10-01,485244.131386861,269839.386861314,368155.99
"Cardrona Valley Road Barriers","Cardrona Valley Road Barriers","Construction",2023-11-01,46959.1094890511,26113.4890510949,3939.6
"Cardrona Valley Road Barriers","Cardrona Valley Road Barriers","Construction",2023-12-01,0,0,32671.78
"Cardrona Valley Road Barriers","Cardrona Valley Road Barriers","Construction",2024-02-01,0,0,18932.22
"Cardrona Valley Road Barriers","Cardrona Valley Road Barriers","Construction",2024-04-01,0,0,3e+05
"Cardrona Valley Road Barriers","Cardrona Valley Road Barriers","Construction",2024-05-01,0,0,3e+05
"Cardrona Valley Road Barriers","Cardrona Valley Road Barriers","Detailed Design",2022-12-01,1686.5671641791,5737.61194029851,0
"Cardrona Valley Road Barriers","Cardrona Valley Road Barriers","Detailed Design",2023-01-01,10456.7164179104,35573.1940298507,0
"Cardrona Valley Road Barriers","Cardrona Valley Road Barriers","Detailed Design",2023-02-01,9444.77611940298,32130.6268656716,0
"Cardrona Valley Road Barriers","Cardrona Valley Road Barriers","Detailed Design",2023-03-01,1011.94029850746,3442.56716417911,0
"Cardrona Valley Road Barriers","Cardrona Valley Road Barriers","MSQA",2023-06-01,2553.28467153285,0,0
"Cardrona Valley Road Barriers","Cardrona Valley Road Barriers","MSQA",2023-07-01,7195.6204379562,0,0
"Cardrona Valley Road Barriers","Cardrona Valley Road Barriers","MSQA",2023-08-01,7195.6204379562,0,0
"Cardrona Valley Road Barriers","Cardrona Valley Road Barriers","MSQA",2023-09-01,6963.50364963504,0,0
"Cardrona Valley Road Barriers","Cardrona Valley Road Barriers","MSQA",2023-10-01,7195.6204379562,0,0
"Cardrona Valley Road Barriers","Cardrona Valley Road Barriers","MSQA",2023-11-01,696.350364963504,0,0
"Cardrona Valley Road Barriers","Cardrona Valley Road Barriers","Tender",2023-04-01,0,0,0
"Cardrona Valley Road Barriers","Cardrona Valley Road Barriers","Tender",2023-05-01,0,0,0
"Cardrona Valley Road Barriers","Cardrona Valley Road Barriers","Tender",2023-06-01,0,0,0
"Cardrona Village","Cardrona Village","Construction",2024-04-01,0,34363.6363636364,0
"Cardrona Village","Cardrona Village","Construction",2024-05-01,0,50727.2727272727,0
"Cardrona Village","Cardrona Village","Construction",2024-06-01,0,4909.09090909091,0
"Cardrona Village","Cardrona Village","Detailed Design and Tender",2023-08-01,0,0,0
"Cardrona Village","Cardrona Village","Detailed Design and Tender",2023-09-01,0,0,0
"Cardrona Village","Cardrona Village","Detailed Design and Tender",2023-10-01,0,0,0
"Cardrona Village","Cardrona Village","Detailed Design and Tender",2023-11-01,0,0,0
"Cardrona Village","Cardrona Village","Detailed Design and Tender",2023-12-01,0,0,0
"Cardrona Village","Cardrona Village","Feasibility",2022-07-01,895.179153094463,895.179153094463,0
"Cardrona Village","Cardrona Village","Feasibility",2022-08-01,1067.32899022801,1067.32899022801,0
"Cardrona Village","Cardrona Village","Feasibility",2022-09-01,1032.8990228013,1032.8990228013,0
"Cardrona Village","Cardrona Village","Feasibility",2022-10-01,1067.32899022801,1067.32899022801,0
"Cardrona Village","Cardrona Village","Feasibility",2022-11-01,1032.8990228013,1032.8990228013,0
"Cardrona Village","Cardrona Village","Feasibility",2022-12-01,1067.32899022801,1067.32899022801,0
"Cardrona Village","Cardrona Village","Feasibility",2023-01-01,1067.32899022801,1067.32899022801,0
"Cardrona Village","Cardrona Village","Feasibility",2023-02-01,964.039087947883,964.039087947883,0
"Cardrona Village","Cardrona Village","Feasibility",2023-03-01,1067.32899022801,1067.32899022801,0
"Cardrona Village","Cardrona Village","Feasibility",2023-04-01,1032.8990228013,1032.8990228013,0
"Cardrona Village","Cardrona Village","Feasibility",2023-05-01,275.439739413681,275.439739413681,0
"Cardrona Village","Cardrona Village","MSQA",2024-04-01,1909.09090909091,0,0
"Cardrona Village","Cardrona Village","MSQA",2024-05-01,2818.18181818182,0,0
"Cardrona Village","Cardrona Village","MSQA",2024-06-01,272.727272727273,0,0
"Crown Range - Chain Bay 4","Crown Range - Chain Bay 4","Concept Design including investigations and consultations where applicable",2022-10-01,0,2625,0
"Crown Range - Chain Bay 4","Crown Range - Chain Bay 4","Concept Design including investigations and consultations where applicable",2022-11-01,0,9375,0
"Crown Range - Chain Bay 4","Crown Range - Chain Bay 4","Construction",2023-01-01,0,39674.6268656716,0
"Crown Range - Chain Bay 4","Crown Range - Chain Bay 4","Construction",2023-02-01,0,138861.194029851,0
"Crown Range - Chain Bay 4","Crown Range - Chain Bay 4","Construction",2023-03-01,0,153739.179104478,0
"Crown Range - Chain Bay 4","Crown Range - Chain Bay 4","Detailed Design",2022-11-01,0,829.245283018868,0
"Crown Range - Chain Bay 4","Crown Range - Chain Bay 4","Detailed Design",2022-12-01,0,12853.3018867925,0
"Crown Range - Chain Bay 4","Crown Range - Chain Bay 4","Detailed Design",2023-01-01,0,8292.45283018868,0
"Crown Range - Chain Bay 4","Crown Range - Chain Bay 4","MSQA",2023-03-01,0,0,0
"Crown Range - Chain Bay 4","Crown Range - Chain Bay 4","Tender",2023-01-01,0,0,0
"Crown Range Minor Widening","Crown Range Minor Widening","Concept Design including investigations and consultations where applicable",2022-02-01,0,1575,0
"Crown Range Minor Widening","Crown Range Minor Widening","Construction - Maintenance",2022-02-01,0,35437.5,0
"Crown Range Minor Widening","Crown Range Minor Widening","Detailed Design",2022-02-01,0,2362.5,0
"Crown Range Minor Widening","Crown Range Minor Widening","MSQA",2022-04-01,0,0,0
"Crown Range Queenstown Side Barriers","Crown Range Queenstown Side Barriers","Concept Design including investigations and consultations where applicable",2022-03-01,0,12000,0
"Crown Range Queenstown Side Barriers","Crown Range Queenstown Side Barriers","Construction",2022-09-01,0,113490.01,0
"Crown Range Queenstown Side Barriers","Crown Range Queenstown Side Barriers","Detailed Design",2022-03-01,0,8010,0
"Crown Range Queenstown Side Barriers","Crown Range Queenstown Side Barriers","MSQA",2022-09-01,0,0,0
"Crown Range Speed Management '21","Crown Range Speed Management '21","Concept Design including investigations and consultations where applicable",2023-09-01,12000,12000,0
"Crown Range Speed Management '21","Crown Range Speed Management '21","Construction",2024-01-01,29856.6,31428,0
"Crown Range Speed Management '21","Crown Range Speed Management '21","Detailed Design",2023-09-01,2772,2772,0
"Crown Range Speed Management '21","Crown Range Speed Management '21","MSQA",2024-01-01,1571.4,0,0
"Crown Range Speed Management '22","Crown Range Speed Management '22","Concept Design including investigations and consultations where applicable",2023-09-01,0,12000,0
"Crown Range Speed Management '22","Crown Range Speed Management '22","Construction",2023-11-01,0,72545.4545454545,0
"Crown Range Speed Management '22","Crown Range Speed Management '22","Construction",2023-12-01,0,112445.454545455,0
"Crown Range Speed Management '22","Crown Range Speed Management '22","Construction",2024-01-01,0,14509.0909090909,0
"Crown Range Speed Management '22","Crown Range Speed Management '22","Detailed Design",2023-09-01,0,13500,0
"Crown Range Speed Management '22","Crown Range Speed Management '22","MSQA",2024-01-01,0,0,0
"Edinburgh Drive SNP","Edinburgh Drive SNP","Concept Design including investigations and consultations where applicable",2023-09-01,0,12000,0
"Edinburgh Drive SNP","Edinburgh Drive SNP","Construction - Maintenance",2023-09-01,0,82000,0
"Edinburgh Drive SNP","Edinburgh Drive SNP","Construction - Maintenance",2023-12-01,57000,60000,0
"Edinburgh Drive SNP","Edinburgh Drive SNP","Construction - Maintenance",2024-01-01,20900,22000,0
"Edinburgh Drive SNP","Edinburgh Drive SNP","Detailed Design",2023-09-01,0,6000,0
"Edinburgh Drive SNP","Edinburgh Drive SNP","Detailed Design",2023-10-01,1609.75609756098,1609.75609756098,0
"Edinburgh Drive SNP","Edinburgh Drive SNP","Detailed Design",2023-11-01,4390.24390243902,4390.24390243902,0
"Edinburgh Drive SNP","Edinburgh Drive SNP","MSQA",2023-12-01,3000,0,0
"Edinburgh Drive SNP","Edinburgh Drive SNP","MSQA",2024-01-01,1100,0,0
"Glenorchy Corridor Package","Glenorchy Road North Barriers '21","Concept Design including investigations and consultations where applicable",2021-11-01,206.854651162791,297.674418604651,0
"Glenorchy Corridor Package","Glenorchy Road North Barriers '21","Concept Design including investigations and consultations where applicable",2021-12-01,6412.49418604651,9227.90697674419,0
"Glenorchy Corridor Package","Glenorchy Road North Barriers '21","Concept Design including investigations and consultations where applicable",2022-01-01,6412.49418604651,9227.90697674419,0
"Glenorchy Corridor Package","Glenorchy Road North Barriers '21","Concept Design including investigations and consultations where applicable",2022-02-01,4757.65697674419,6846.51162790698,0
"Glenorchy Corridor Package","Glenorchy Road North Barriers '21","Construction",2022-08-01,152861.283692308,101907.692307692,0
"Glenorchy Corridor Package","Glenorchy Road North Barriers '21","Construction",2022-09-01,199384.283076923,132923.076923077,0
"Glenorchy Corridor Package","Glenorchy Road North Barriers '21","Construction",2022-10-01,206030.425846154,137353.846153846,340782.6
"Glenorchy Corridor Package","Glenorchy Road North Barriers '21","Construction",2022-11-01,199384.283076923,132923.076923077,479960.85
"Glenorchy Corridor Package","Glenorchy Road North Barriers '21","Construction",2022-12-01,106338.284307692,70892.3076923077,20164.57
"Glenorchy Corridor Package","Glenorchy Road North Barriers '21","Construction",2023-01-01,0,0,13624
"Glenorchy Corridor Package","Glenorchy Road North Barriers '21","Construction",2023-02-01,0,0,9466.54
"Glenorchy Corridor Package","Glenorchy Road North Barriers '21","Detailed Design",2022-02-01,1836.73469387755,3134.69387755102,0
"Glenorchy Corridor Package","Glenorchy Road North Barriers '21","Detailed Design",2022-03-01,14234.693877551,24293.8775510204,0
"Glenorchy Corridor Package","Glenorchy Road North Barriers '21","Detailed Design",2022-04-01,6428.57142857143,10971.4285714286,0
"Glenorchy Corridor Package","Glenorchy Road North Barriers '21","MSQA",2022-08-01,5484.61538461538,0,0
"Glenorchy Corridor Package","Glenorchy Road North Barriers '21","MSQA",2022-09-01,7153.84615384615,0,0
"Glenorchy Corridor Package","Glenorchy Road North Barriers '21","MSQA",2022-10-01,7392.30769230769,0,0
"Glenorchy Corridor Package","Glenorchy Road North Barriers '21","MSQA",2022-11-01,7153.84615384615,0,0
"Glenorchy Corridor Package","Glenorchy Road North Barriers '21","MSQA",2022-12-01,3815.38461538462,0,0
"Glenorchy Corridor Package","Glenorchy Road North Barriers '21","Tender",2022-05-01,0,0,0
"Glenorchy Corridor Package","Glenorchy Road North Barriers '21","Tender",2022-06-01,0,0,0
"Glenorchy Corridor Package","Glenorchy Road North Barriers '21","Tender",2022-07-01,0,0,0
"Glenorchy Corridor Package","Glenorchy Road North Barriers '22","Construction",2022-11-01,225098.072289157,348819.277108434,316139.8
"Glenorchy Corridor Package","Glenorchy Road North Barriers '22","Construction",2022-12-01,249215.722891566,386192.771084337,135624.57
"Glenorchy Corridor Package","Glenorchy Road North Barriers '22","Construction",2023-01-01,192941.204819277,298987.951807229,76961.79
"Glenorchy Corridor Package","Glenorchy Road North Barriers '22","Construction",2023-02-01,0,0,138529.1
"Glenorchy Corridor Package","Glenorchy Road North Barriers '22","Detailed Design",2022-07-01,2560.9756097561,16097.5609756098,0
"Glenorchy Corridor Package","Glenorchy Road North Barriers '22","Detailed Design",2022-08-01,2646.34146341463,16634.1463414634,0
"Glenorchy Corridor Package","Glenorchy Road North Barriers '22","Detailed Design",2022-09-01,2560.9756097561,16097.5609756098,0
"Glenorchy Corridor Package","Glenorchy Road North Barriers '22","Detailed Design",2022-10-01,2646.34146341463,16634.1463414634,0
"Glenorchy Corridor Package","Glenorchy Road North Barriers '22","Detailed Design",2022-11-01,85.3658536585366,536.585365853659,0
"Glenorchy Corridor Package","Glenorchy Road North Barriers '22","MSQA",2023-01-01,0,0,0
"Glenorchy Corridor Package","Glenorchy Road North Barriers '22","MSQA",2023-02-01,0,0,0
"Glenorchy Corridor Package","Glenorchy Road North Barriers '22","MSQA",2023-03-01,0,0,0
"Glenorchy Corridor Package","Glenorchy Road North Barriers '22","MSQA",2023-04-01,0,0,0
"Glenorchy Corridor Package","Glenorchy Road North Barriers '23","Construction",2023-05-01,0,0,2e+05
"Glenorchy Corridor Package","Glenorchy Road North Barriers '23","Construction",2023-09-01,304819.277108434,124578.313253012,0
"Glenorchy Corridor Package","Glenorchy Road North Barriers '23","Construction",2023-10-01,429518.072289157,175542.168674699,499819.5
"Glenorchy Corridor Package","Glenorchy Road North Barriers '23","Construction",2023-11-01,415662.65060241,169879.518072289,135922.4
"Glenorchy Corridor Package","Glenorchy Road North Barriers '23","Detailed Design",2023-07-01,4411.76470588235,13235.2941176471,0
"Glenorchy Corridor Package","Glenorchy Road North Barriers '23","Detailed Design",2023-08-01,4558.82352941176,13676.4705882353,0
"Glenorchy Corridor Package","Glenorchy Road North Barriers '23","Detailed Design",2023-09-01,1029.41176470588,3088.23529411765,0
"Glenorchy Corridor Package","Glenorchy Road North Barriers '23","MSQA",2023-09-01,7951.80722891566,0,0
"Glenorchy Corridor Package","Glenorchy Road North Barriers '23","MSQA",2023-10-01,11204.8192771084,0,0
"Glenorchy Corridor Package","Glenorchy Road North Barriers '23","MSQA",2023-11-01,10843.3734939759,0,0
"Glenorchy Corridor Package","Glenorchy Road South Barriers","Concept Design including investigations and consultations where applicable",2022-01-01,0,1185.18518518519,0
"Glenorchy Corridor Package","Glenorchy Road South Barriers","Concept Design including investigations and consultations where applicable",2022-02-01,0,6814.81481481481,0
"Glenorchy Corridor Package","Glenorchy Road South Barriers","Construction",2022-08-01,0,31846.1538461538,0
"Glenorchy Corridor Package","Glenorchy Road South Barriers","Construction",2022-09-01,0,41538.4615384615,0
"Glenorchy Corridor Package","Glenorchy Road South Barriers","Construction",2022-10-01,0,42923.0769230769,0
"Glenorchy Corridor Package","Glenorchy Road South Barriers","Construction",2022-11-01,0,41538.4615384615,0
"Glenorchy Corridor Package","Glenorchy Road South Barriers","Construction",2022-12-01,0,22153.8461538462,0
"Glenorchy Corridor Package","Glenorchy Road South Barriers","Detailed Design",2022-02-01,0,1170.73170731707,0
"Glenorchy Corridor Package","Glenorchy Road South Barriers","Detailed Design",2022-03-01,0,9073.17073170732,0
"Glenorchy Corridor Package","Glenorchy Road South Barriers","Detailed Design",2022-04-01,0,1756.09756097561,0
"Glenorchy Corridor Package","Glenorchy Road South Barriers","MSQA",2022-08-01,0,0,0
"Glenorchy Corridor Package","Glenorchy Road South Barriers","MSQA",2022-09-01,0,0,0
"Glenorchy Corridor Package","Glenorchy Road South Barriers","MSQA",2022-10-01,0,0,0
"Glenorchy Corridor Package","Glenorchy Road South Barriers","MSQA",2022-11-01,0,0,0
"Glenorchy Corridor Package","Glenorchy Road South Barriers","MSQA",2022-12-01,0,0,0
"Glenorchy Corridor Package","Glenorchy Various MI '21","Concept Design including investigations and consultations where applicable",2021-11-01,0,23.2558139534884,0
"Glenorchy Corridor Package","Glenorchy Various MI '21","Concept Design including investigations and consultations where applicable",2021-12-01,0,720.93023255814,0
"Glenorchy Corridor Package","Glenorchy Various MI '21","Concept Design including investigations and consultations where applicable",2022-01-01,0,720.93023255814,0
"Glenorchy Corridor Package","Glenorchy Various MI '21","Concept Design including investigations and consultations where applicable",2022-02-01,0,534.883720930233,0
"Glenorchy Corridor Package","Glenorchy Various MI '21","Construction",2022-08-01,0,7961.53846153846,0
"Glenorchy Corridor Package","Glenorchy Various MI '21","Construction",2022-09-01,0,10384.6153846154,0
"Glenorchy Corridor Package","Glenorchy Various MI '21","Construction",2022-10-01,0,10730.7692307692,0
"Glenorchy Corridor Package","Glenorchy Various MI '21","Construction",2022-11-01,0,10384.6153846154,0
"Glenorchy Corridor Package","Glenorchy Various MI '21","Construction",2022-12-01,0,5538.46153846154,0
"Glenorchy Corridor Package","Glenorchy Various MI '21","Detailed Design",2022-02-01,0,292.682926829268,0
"Glenorchy Corridor Package","Glenorchy Various MI '21","Detailed Design",2022-03-01,0,2268.29268292683,0
"Glenorchy Corridor Package","Glenorchy Various MI '21","Detailed Design",2022-04-01,0,439.024390243902,0
"Glenorchy Corridor Package","Glenorchy Various MI '21","MSQA",2022-08-01,0,0,0
"Glenorchy Corridor Package","Glenorchy Various MI '21","MSQA",2022-09-01,0,0,0
"Glenorchy Corridor Package","Glenorchy Various MI '21","MSQA",2022-10-01,0,0,0
"Glenorchy Corridor Package","Glenorchy Various MI '21","MSQA",2022-11-01,0,0,0
"Glenorchy Corridor Package","Glenorchy Various MI '21","MSQA",2022-12-01,0,0,0
"Glenorchy Corridor Package","Glenorchy Various MI '23","Construction",2023-09-01,0,114487.179487179,0
"Glenorchy Corridor Package","Glenorchy Various MI '23","Construction",2023-10-01,0,120512.820512821,0
"Glenorchy Corridor Package","Glenorchy Various MI '23","Detailed Design",2023-07-01,0,10769.2307692308,0
"Glenorchy Corridor Package","Glenorchy Various MI '23","Detailed Design",2023-08-01,0,4230.76923076923,0
"Glenorchy Corridor Package","Glenorchy Various MI '23","MSQA",2023-09-01,0,0,0
"Glenorchy Corridor Package","Glenorchy Various MI '23","MSQA",2023-10-01,0,0,0
"Glenorchy Corridor Package","Paradise Barriers and Signage '21","Concept Design including investigations and consultations where applicable",2022-02-01,0,1200,0
"Glenorchy Corridor Package","Paradise Barriers and Signage '21","Construction",2022-08-01,0,4776.92307692308,0
"Glenorchy Corridor Package","Paradise Barriers and Signage '21","Construction",2022-09-01,0,6230.76923076923,0
"Glenorchy Corridor Package","Paradise Barriers and Signage '21","Construction",2022-10-01,0,6438.46153846154,0
"Glenorchy Corridor Package","Paradise Barriers and Signage '21","Construction",2022-11-01,0,6230.76923076923,0
"Glenorchy Corridor Package","Paradise Barriers and Signage '21","Construction",2022-12-01,0,3323.07692307692,0
"Glenorchy Corridor Package","Paradise Barriers and Signage '21","Detailed Design",2022-02-01,0,175.609756097561,0
"Glenorchy Corridor Package","Paradise Barriers and Signage '21","Detailed Design",2022-03-01,0,1360.9756097561,0
"Glenorchy Corridor Package","Paradise Barriers and Signage '21","Detailed Design",2022-04-01,0,263.414634146341,0
"Glenorchy Corridor Package","Paradise Barriers and Signage '21","MSQA",2022-08-01,0,0,0
"Glenorchy Corridor Package","Paradise Barriers and Signage '21","MSQA",2022-09-01,0,0,0
"Glenorchy Corridor Package","Paradise Barriers and Signage '21","MSQA",2022-10-01,0,0,0
"Glenorchy Corridor Package","Paradise Barriers and Signage '21","MSQA",2022-11-01,0,0,0
"Glenorchy Corridor Package","Paradise Barriers and Signage '21","MSQA",2022-12-01,0,0,0
"Glenorchy Corridor Package","Paradise Barriers and Signage '23","Construction",2023-09-01,0,33074.0740740741,0
"Glenorchy Corridor Package","Paradise Barriers and Signage '23","Construction",2023-10-01,0,53962.962962963,0
"Glenorchy Corridor Package","Paradise Barriers and Signage '23","Construction",2023-11-01,0,52222.2222222222,0
"Glenorchy Corridor Package","Paradise Barriers and Signage '23","Construction",2023-12-01,0,1740.74074074074,0
"Glenorchy Corridor Package","Paradise Barriers and Signage '23","Detailed Design",2023-07-01,0,3761.19402985075,0
"Glenorchy Corridor Package","Paradise Barriers and Signage '23","Detailed Design",2023-08-01,0,4164.17910447761,0
"Glenorchy Corridor Package","Paradise Barriers and Signage '23","Detailed Design",2023-09-01,0,1074.62686567164,0
"Glenorchy Corridor Package","Paradise Barriers and Signage '23","MSQA",2023-09-01,0,0,0
"Glenorchy Corridor Package","Paradise Barriers and Signage '23","MSQA",2023-10-01,0,0,0
"Glenorchy Corridor Package","Paradise Barriers and Signage '23","MSQA",2023-11-01,0,0,0
"Glenorchy Corridor Package","Paradise Barriers and Signage '23","MSQA",2023-12-01,0,0,0
"Glenorchy Corridor Package","Routeburn Bridges 1","Concept Design including investigations and consultations where applicable",2022-02-01,0,3200,0
"Glenorchy Corridor Package","Routeburn Bridges 1","Construction",2022-08-01,0,12738.4615384615,0
"Glenorchy Corridor Package","Routeburn Bridges 1","Construction",2022-09-01,0,16615.3846153846,0
"Glenorchy Corridor Package","Routeburn Bridges 1","Construction",2022-10-01,0,17169.2307692308,0
"Glenorchy Corridor Package","Routeburn Bridges 1","Construction",2022-11-01,0,16615.3846153846,0
"Glenorchy Corridor Package","Routeburn Bridges 1","Construction",2022-12-01,0,8861.53846153846,0
"Glenorchy Corridor Package","Routeburn Bridges 1","Detailed Design",2022-02-01,0,468.292682926829,0
"Glenorchy Corridor Package","Routeburn Bridges 1","Detailed Design",2022-03-01,0,3629.26829268293,0
"Glenorchy Corridor Package","Routeburn Bridges 1","Detailed Design",2022-04-01,0,702.439024390244,0
"Glenorchy Corridor Package","Routeburn Bridges 1","MSQA",2022-08-01,0,0,0
"Glenorchy Corridor Package","Routeburn Bridges 1","MSQA",2022-09-01,0,0,0
"Glenorchy Corridor Package","Routeburn Bridges 1","MSQA",2022-10-01,0,0,0
"Glenorchy Corridor Package","Routeburn Bridges 1","MSQA",2022-11-01,0,0,0
"Glenorchy Corridor Package","Routeburn Bridges 1","MSQA",2022-12-01,0,0,0
"Golf Course Ballantyne IS SNP Stage 1","Golf Course Ballantyne IS SNP Stage 1","Construction",2022-12-01,64792.8715083799,51992.9524022346,0
"Golf Course Ballantyne IS SNP Stage 1","Golf Course Ballantyne IS SNP Stage 1","Construction",2023-01-01,77253.0391061452,61991.5970949721,0
"Golf Course Ballantyne IS SNP Stage 1","Golf Course Ballantyne IS SNP Stage 1","Construction",2023-02-01,69776.938547486,55992.4102793296,0
"Golf Course Ballantyne IS SNP Stage 1","Golf Course Ballantyne IS SNP Stage 1","Construction",2023-03-01,77253.0391061452,61991.5970949721,43470.6
"Golf Course Ballantyne IS SNP Stage 1","Golf Course Ballantyne IS SNP Stage 1","Construction",2023-04-01,74761.0055865922,59991.8681564246,230701.17
"Golf Course Ballantyne IS SNP Stage 1","Golf Course Ballantyne IS SNP Stage 1","Construction",2023-05-01,77253.0391061452,61991.5970949721,146493.2
"Golf Course Ballantyne IS SNP Stage 1","Golf Course Ballantyne IS SNP Stage 1","Construction",2023-06-01,4984.06703910614,3999.45787709497,40516.68
"Golf Course Ballantyne IS SNP Stage 1","Golf Course Ballantyne IS SNP Stage 1","Detailed Design",2021-12-01,5472.65625,4927.5609375,0
"Golf Course Ballantyne IS SNP Stage 1","Golf Course Ballantyne IS SNP Stage 1","Detailed Design",2022-01-01,5655.078125,5091.81296875,0
"Golf Course Ballantyne IS SNP Stage 1","Golf Course Ballantyne IS SNP Stage 1","Detailed Design",2022-02-01,5107.8125,4599.056875,0
"Golf Course Ballantyne IS SNP Stage 1","Golf Course Ballantyne IS SNP Stage 1","Detailed Design",2022-03-01,5655.078125,5091.81296875,0
"Golf Course Ballantyne IS SNP Stage 1","Golf Course Ballantyne IS SNP Stage 1","Detailed Design",2022-04-01,1459.375,1314.01625,0
"Golf Course Ballantyne IS SNP Stage 1","Golf Course Ballantyne IS SNP Stage 1","MSQA",2022-12-01,5327.09497206704,0,0
"Golf Course Ballantyne IS SNP Stage 1","Golf Course Ballantyne IS SNP Stage 1","MSQA",2023-01-01,6351.53631284916,0,0
"Golf Course Ballantyne IS SNP Stage 1","Golf Course Ballantyne IS SNP Stage 1","MSQA",2023-02-01,5736.87150837989,0,0
"Golf Course Ballantyne IS SNP Stage 1","Golf Course Ballantyne IS SNP Stage 1","MSQA",2023-03-01,6351.53631284916,0,0
"Golf Course Ballantyne IS SNP Stage 1","Golf Course Ballantyne IS SNP Stage 1","MSQA",2023-04-01,6146.64804469274,0,0
"Golf Course Ballantyne IS SNP Stage 1","Golf Course Ballantyne IS SNP Stage 1","MSQA",2023-05-01,6351.53631284916,0,0
"Golf Course Ballantyne IS SNP Stage 1","Golf Course Ballantyne IS SNP Stage 1","MSQA",2023-06-01,409.776536312849,0,0
"Golf Course Ballantyne IS SNP Stage 1","Golf Course Ballantyne IS SNP Stage 1","Tender",2022-08-01,0,0,0
"Golf Course Ballantyne IS SNP Stage 1","Golf Course Ballantyne IS SNP Stage 1","Tender",2022-09-01,0,0,0
"Golf Course Ballantyne IS SNP Stage 1","Golf Course Ballantyne IS SNP Stage 1","Tender",2022-10-01,0,0,0
"Golf Course Ballantyne IS SNP Stage 1","Golf Course Ballantyne IS SNP Stage 1","Tender",2022-11-01,0,0,0
"Golf Course Ballantyne IS SNP Stage 2","Golf Course Ballantyne IS SNP Stage 2","Concept Design including investigations and consultations where applicable",2022-02-01,11903.0487804878,1975.60975609756,0
"Golf Course Ballantyne IS SNP Stage 2","Golf Course Ballantyne IS SNP Stage 2","Concept Design including investigations and consultations where applicable",2022-03-01,13666.4634146341,2268.29268292683,0
"Golf Course Ballantyne IS SNP Stage 2","Golf Course Ballantyne IS SNP Stage 2","Concept Design including investigations and consultations where applicable",2022-04-01,13225.6097560976,2195.12195121951,0
"Golf Course Ballantyne IS SNP Stage 2","Golf Course Ballantyne IS SNP Stage 2","Concept Design including investigations and consultations where applicable",2022-05-01,13666.4634146341,2268.29268292683,0
"Golf Course Ballantyne IS SNP Stage 2","Golf Course Ballantyne IS SNP Stage 2","Concept Design including investigations and consultations where applicable",2022-06-01,13225.6097560976,2195.12195121951,0
"Golf Course Ballantyne IS SNP Stage 2","Golf Course Ballantyne IS SNP Stage 2","Concept Design including investigations and consultations where applicable",2022-07-01,6612.80487804878,1097.56097560976,0
"Golf Course Ballantyne IS SNP Stage 2","Golf Course Ballantyne IS SNP Stage 2","Construction",2024-06-01,0,270000,0
"Golf Course Ballantyne IS SNP Stage 2","Golf Course Ballantyne IS SNP Stage 2","Detailed Design",2022-10-01,4648.8038277512,803.827751196172,0
"Golf Course Ballantyne IS SNP Stage 2","Golf Course Ballantyne IS SNP Stage 2","Detailed Design",2022-11-01,4980.86124401914,861.244019138756,0
"Golf Course Ballantyne IS SNP Stage 2","Golf Course Ballantyne IS SNP Stage 2","Detailed Design",2022-12-01,5146.88995215311,889.952153110048,0
"Golf Course Ballantyne IS SNP Stage 2","Golf Course Ballantyne IS SNP Stage 2","Detailed Design",2023-01-01,5146.88995215311,889.952153110048,0
"Golf Course Ballantyne IS SNP Stage 2","Golf Course Ballantyne IS SNP Stage 2","Detailed Design",2023-02-01,4648.8038277512,803.827751196172,0
"Golf Course Ballantyne IS SNP Stage 2","Golf Course Ballantyne IS SNP Stage 2","Detailed Design",2023-03-01,5146.88995215311,889.952153110048,0
"Golf Course Ballantyne IS SNP Stage 2","Golf Course Ballantyne IS SNP Stage 2","Detailed Design",2023-04-01,4980.86124401914,861.244019138756,0
"Golf Course Ballantyne IS SNP Stage 2","Golf Course Ballantyne IS SNP Stage 2","Detailed Design",2023-05-01,5146.88995215311,889.952153110048,0
"Golf Course Ballantyne IS SNP Stage 2","Golf Course Ballantyne IS SNP Stage 2","Detailed Design",2023-06-01,4980.86124401914,861.244019138756,0
"Golf Course Ballantyne IS SNP Stage 2","Golf Course Ballantyne IS SNP Stage 2","Detailed Design",2023-07-01,5146.88995215311,889.952153110048,0
"Golf Course Ballantyne IS SNP Stage 2","Golf Course Ballantyne IS SNP Stage 2","Detailed Design",2023-08-01,5146.88995215311,889.952153110048,0
"Golf Course Ballantyne IS SNP Stage 2","Golf Course Ballantyne IS SNP Stage 2","Detailed Design",2023-09-01,4980.86124401914,861.244019138756,0
"Golf Course Ballantyne IS SNP Stage 2","Golf Course Ballantyne IS SNP Stage 2","Detailed Design",2023-10-01,5146.88995215311,889.952153110048,0
"Golf Course Ballantyne IS SNP Stage 2","Golf Course Ballantyne IS SNP Stage 2","Detailed Design",2023-11-01,4980.86124401914,861.244019138756,0
"Golf Course Ballantyne IS SNP Stage 2","Golf Course Ballantyne IS SNP Stage 2","Detailed Design",2023-12-01,5146.88995215311,889.952153110048,0
"Golf Course Ballantyne IS SNP Stage 2","Golf Course Ballantyne IS SNP Stage 2","Detailed Design",2024-01-01,5146.88995215311,889.952153110048,0
"Golf Course Ballantyne IS SNP Stage 2","Golf Course Ballantyne IS SNP Stage 2","Detailed Design",2024-02-01,4814.83253588517,832.535885167464,0
"Golf Course Ballantyne IS SNP Stage 2","Golf Course Ballantyne IS SNP Stage 2","Detailed Design",2024-03-01,5146.88995215311,889.952153110048,0
"Golf Course Ballantyne IS SNP Stage 2","Golf Course Ballantyne IS SNP Stage 2","Detailed Design",2024-04-01,4980.86124401914,861.244019138756,0
"Golf Course Ballantyne IS SNP Stage 2","Golf Course Ballantyne IS SNP Stage 2","Detailed Design",2024-05-01,5146.88995215311,889.952153110048,0
"Golf Course Ballantyne IS SNP Stage 2","Golf Course Ballantyne IS SNP Stage 2","Detailed Design",2024-06-01,3486.6028708134,602.870813397129,0
"Golf Course Ballantyne IS SNP Stage 2","Golf Course Ballantyne IS SNP Stage 2","MSQA",2024-06-01,0,0,0
"Golf Course Ballantyne IS SNP Stage 2","Golf Course Ballantyne IS SNP Stage 2","Tender",2024-06-01,0,0,0
"Hawthorne Red Oaks IS SNP","Hawthorne Red Oaks IS SNP","Construction",2023-03-01,61419.024137931,12965.5172413793,0
"Hawthorne Red Oaks IS SNP","Hawthorne Red Oaks IS SNP","Construction",2023-04-01,167506.429467085,35360.5015673981,202791.64
"Hawthorne Red Oaks IS SNP","Hawthorne Red Oaks IS SNP","Construction",2023-05-01,173089.977115987,36539.1849529781,569675.83
"Hawthorne Red Oaks IS SNP","Hawthorne Red Oaks IS SNP","Construction",2023-06-01,167506.429467085,35360.5015673981,472124.28
"Hawthorne Red Oaks IS SNP","Hawthorne Red Oaks IS SNP","Construction",2023-07-01,173089.977115987,36539.1849529781,79397.43
"Hawthorne Red Oaks IS SNP","Hawthorne Red Oaks IS SNP","Construction",2023-08-01,173089.977115987,36539.1849529781,61260.62
"Hawthorne Red Oaks IS SNP","Hawthorne Red Oaks IS SNP","Construction",2023-09-01,167506.429467085,35360.5015673981,0
"Hawthorne Red Oaks IS SNP","Hawthorne Red Oaks IS SNP","Construction",2023-10-01,173089.977115987,36539.1849529781,0
"Hawthorne Red Oaks IS SNP","Hawthorne Red Oaks IS SNP","Construction",2023-11-01,167506.429467085,35360.5015673981,36067.62
"Hawthorne Red Oaks IS SNP","Hawthorne Red Oaks IS SNP","Construction",2023-12-01,173089.977115987,36539.1849529781,0
"Hawthorne Red Oaks IS SNP","Hawthorne Red Oaks IS SNP","Construction",2024-01-01,173089.977115987,36539.1849529781,0
"Hawthorne Red Oaks IS SNP","Hawthorne Red Oaks IS SNP","Construction",2024-02-01,11167.0952978056,2357.36677115987,431512.55
"Hawthorne Red Oaks IS SNP","Hawthorne Red Oaks IS SNP","Construction",2024-05-01,0,0,59696.73
"Hawthorne Red Oaks IS SNP","Hawthorne Red Oaks IS SNP","Detailed Design",2022-01-01,6245.09174311927,4623.85321100917,0
"Hawthorne Red Oaks IS SNP","Hawthorne Red Oaks IS SNP","Detailed Design",2022-02-01,8326.78899082569,6165.1376146789,0
"Hawthorne Red Oaks IS SNP","Hawthorne Red Oaks IS SNP","Detailed Design",2022-03-01,9218.94495412844,6825.6880733945,0
"Hawthorne Red Oaks IS SNP","Hawthorne Red Oaks IS SNP","Detailed Design",2022-04-01,8624.17431192661,6385.32110091743,0
"Hawthorne Red Oaks IS SNP","Hawthorne Red Oaks IS SNP","MSQA",2023-03-01,1727.58620689655,0,0
"Hawthorne Red Oaks IS SNP","Hawthorne Red Oaks IS SNP","MSQA",2023-04-01,4711.5987460815,0,0
"Hawthorne Red Oaks IS SNP","Hawthorne Red Oaks IS SNP","MSQA",2023-05-01,4868.65203761755,0,0
"Hawthorne Red Oaks IS SNP","Hawthorne Red Oaks IS SNP","MSQA",2023-06-01,4711.5987460815,0,0
"Hawthorne Red Oaks IS SNP","Hawthorne Red Oaks IS SNP","MSQA",2023-07-01,4868.65203761755,0,0
"Hawthorne Red Oaks IS SNP","Hawthorne Red Oaks IS SNP","MSQA",2023-08-01,4868.65203761755,0,0
"Hawthorne Red Oaks IS SNP","Hawthorne Red Oaks IS SNP","MSQA",2023-09-01,4711.5987460815,0,0
"Hawthorne Red Oaks IS SNP","Hawthorne Red Oaks IS SNP","MSQA",2023-10-01,4868.65203761755,0,0
"Hawthorne Red Oaks IS SNP","Hawthorne Red Oaks IS SNP","MSQA",2023-11-01,4711.5987460815,0,0
"Hawthorne Red Oaks IS SNP","Hawthorne Red Oaks IS SNP","MSQA",2023-12-01,4868.65203761755,0,0
"Hawthorne Red Oaks IS SNP","Hawthorne Red Oaks IS SNP","MSQA",2024-01-01,4868.65203761755,0,0
"Hawthorne Red Oaks IS SNP","Hawthorne Red Oaks IS SNP","MSQA",2024-02-01,314.1065830721,0,0
"Hawthorne Red Oaks IS SNP","Hawthorne Red Oaks IS SNP","Tender",2023-01-01,0,0,0
"Hawthorne Red Oaks IS SNP","Hawthorne Red Oaks IS SNP","Tender",2023-02-01,0,0,0
"Hawthorne Red Oaks IS SNP","Hawthorne Red Oaks IS SNP","Tender",2023-03-01,0,0,0
"Malaghans Dalefield IS SNP","Malaghans Dalefield IS SNP","Concept Design including investigations and consultations where applicable",2022-05-01,0,12000,0
"Malaghans Dalefield IS SNP","Malaghans Dalefield IS SNP","Construction",2022-08-01,0,199500,0
"Malaghans Dalefield IS SNP","Malaghans Dalefield IS SNP","Detailed Design",2022-05-01,0,13500,0
"Malaghans Dalefield IS SNP","Malaghans Dalefield IS SNP","MSQA",2022-08-01,0,0,0
"Malaghans Rd Speed Management 1","Malaghans Rd Speed Management 1","Concept Design including investigations and consultations where applicable",2023-09-01,12000,12000,0
"Malaghans Rd Speed Management 1","Malaghans Rd Speed Management 1","Construction",2023-10-01,8871.1,9338,0
"Malaghans Rd Speed Management 1","Malaghans Rd Speed Management 1","Detailed Design",2023-09-01,1362,1362,0
"Malaghans Rd Speed Management 1","Malaghans Rd Speed Management 1","MSQA",2024-01-01,466.9,0,0
"Memoral Camp IS SNP - Alliance?","Anderson Rd Active Travel","Memoral Camp IS SNP - Alliance?",2022-07-01,0,0,0
"Mt Aspiring Corridor Safety Improvements","Mt Aspiring Corridor Safety Improvements","Concept Design including investigations and consultations where applicable",2022-03-01,5675.18796992481,2706.76691729323,0
"Mt Aspiring Corridor Safety Improvements","Mt Aspiring Corridor Safety Improvements","Concept Design including investigations and consultations where applicable",2022-04-01,5675.18796992481,2706.76691729323,0
"Mt Aspiring Corridor Safety Improvements","Mt Aspiring Corridor Safety Improvements","Concept Design including investigations and consultations where applicable",2022-05-01,5864.36090225564,2796.99248120301,0
"Mt Aspiring Corridor Safety Improvements","Mt Aspiring Corridor Safety Improvements","Concept Design including investigations and consultations where applicable",2022-06-01,5675.18796992481,2706.76691729323,0
"Mt Aspiring Corridor Safety Improvements","Mt Aspiring Corridor Safety Improvements","Concept Design including investigations and consultations where applicable",2022-07-01,2270.07518796993,1082.70676691729,0
"Mt Aspiring Corridor Safety Improvements","Mt Aspiring Corridor Safety Improvements","Construction",2023-06-01,28808.4143426295,23798.374501992,0
"Mt Aspiring Corridor Safety Improvements","Mt Aspiring Corridor Safety Improvements","Construction",2023-07-01,111632.605577689,92218.7011952191,54048.84
"Mt Aspiring Corridor Safety Improvements","Mt Aspiring Corridor Safety Improvements","Construction",2023-08-01,111632.605577689,92218.7011952191,462230.26
"Mt Aspiring Corridor Safety Improvements","Mt Aspiring Corridor Safety Improvements","Construction",2023-09-01,108031.553784861,89243.9043824701,26135.88
"Mt Aspiring Corridor Safety Improvements","Mt Aspiring Corridor Safety Improvements","Construction",2023-10-01,111632.605577689,92218.7011952191,198903.82
"Mt Aspiring Corridor Safety Improvements","Mt Aspiring Corridor Safety Improvements","Construction",2023-11-01,108031.553784861,89243.9043824701,33167.92
"Mt Aspiring Corridor Safety Improvements","Mt Aspiring Corridor Safety Improvements","Construction",2023-12-01,111632.605577689,92218.7011952191,11241.35
"Mt Aspiring Corridor Safety Improvements","Mt Aspiring Corridor Safety Improvements","Construction",2024-01-01,111632.605577689,92218.7011952191,0
"Mt Aspiring Corridor Safety Improvements","Mt Aspiring Corridor Safety Improvements","Construction",2024-02-01,100829.450199203,83294.3107569721,112361.4
"Mt Aspiring Corridor Safety Improvements","Mt Aspiring Corridor Safety Improvements","Detailed Design",2023-01-01,7632.0987654321,13152.7407407407,0
"Mt Aspiring Corridor Safety Improvements","Mt Aspiring Corridor Safety Improvements","Detailed Design",2023-02-01,9713.58024691358,16739.8518518519,0
"Mt Aspiring Corridor Safety Improvements","Mt Aspiring Corridor Safety Improvements","Detailed Design",2023-03-01,10754.3209876543,18533.4074074074,0
"Mt Aspiring Corridor Safety Improvements","Mt Aspiring Corridor Safety Improvements","MSQA",2023-06-01,1013.54581673307,0,0
"Mt Aspiring Corridor Safety Improvements","Mt Aspiring Corridor Safety Improvements","MSQA",2023-07-01,3927.49003984064,0,0
"Mt Aspiring Corridor Safety Improvements","Mt Aspiring Corridor Safety Improvements","MSQA",2023-08-01,3927.49003984064,0,0
"Mt Aspiring Corridor Safety Improvements","Mt Aspiring Corridor Safety Improvements","MSQA",2023-09-01,3800.796812749,0,0
"Mt Aspiring Corridor Safety Improvements","Mt Aspiring Corridor Safety Improvements","MSQA",2023-10-01,3927.49003984064,0,0
"Mt Aspiring Corridor Safety Improvements","Mt Aspiring Corridor Safety Improvements","MSQA",2023-11-01,3800.796812749,0,0
"Mt Aspiring Corridor Safety Improvements","Mt Aspiring Corridor Safety Improvements","MSQA",2023-12-01,3927.49003984064,0,0
"Mt Aspiring Corridor Safety Improvements","Mt Aspiring Corridor Safety Improvements","MSQA",2024-01-01,3927.49003984064,0,0
"Mt Aspiring Corridor Safety Improvements","Mt Aspiring Corridor Safety Improvements","MSQA",2024-02-01,3547.41035856574,0,0
"Mt Aspiring Corridor Safety Improvements","Mt Aspiring Corridor Safety Improvements","Tender",2023-04-01,0,0,0
"Mt Aspiring Corridor Safety Improvements","Mt Aspiring Corridor Safety Improvements","Tender",2023-05-01,0,0,0
"Mt Aspiring Corridor Safety Improvements","Mt Aspiring Corridor Safety Improvements","Tender",2023-06-01,0,0,0
"Orchard Studholme","Orchard Studholme","Concept Design including investigations and consultations where applicable",2023-07-01,0,12000,0
"Orchard Studholme","Orchard Studholme","Construction",2023-12-01,0,284100,0
"Orchard Studholme","Orchard Studholme","Detailed Design",2023-07-01,0,18900,0
"Orchard Studholme","Orchard Studholme","MSQA",2024-01-01,0,0,0
"Orchard Studholme","Orchard Studholme","Tender",2023-12-01,0,0,0
"Programme Management","Programme Management","LS Management Fee",2021-09-01,0,0,26666.67
"Programme Management","Programme Management","LS Management Fee",2021-10-01,10020.4290091931,10020.4290091931,14323.83
"Programme Management","Programme Management","LS Management Fee",2021-11-01,16700.7150153218,16700.7150153218,30171.81
"Programme Management","Programme Management","LS Management Fee",2021-12-01,17257.4055158325,17257.4055158325,19222.15
"Programme Management","Programme Management","LS Management Fee",2022-01-01,17257.4055158325,17257.4055158325,16461.23
"Programme Management","Programme Management","LS Management Fee",2022-02-01,15587.3340143003,15587.3340143003,17844.33
"Programme Management","Programme Management","LS Management Fee",2022-03-01,17257.4055158325,17257.4055158325,55947.34
"Programme Management","Programme Management","LS Management Fee",2022-04-01,16700.7150153218,16700.7150153218,46842
"Programme Management","Programme Management","LS Management Fee",2022-05-01,17257.4055158325,17257.4055158325,17758.33
"Programme Management","Programme Management","LS Management Fee",2022-06-01,16700.7150153218,16700.7150153218,63867.91
"Programme Management","Programme Management","LS Management Fee",2022-07-01,17257.4055158325,17257.4055158325,65879.71
"Programme Management","Programme Management","LS Management Fee",2022-08-01,17257.4055158325,17257.4055158325,48111.02
"Programme Management","Programme Management","LS Management Fee",2022-09-01,16700.7150153218,16700.7150153218,84952.67
"Programme Management","Programme Management","LS Management Fee",2022-10-01,17257.4055158325,17257.4055158325,72014.5
"Programme Management","Programme Management","LS Management Fee",2022-11-01,16700.7150153218,16700.7150153218,90543.5
"Programme Management","Programme Management","LS Management Fee",2022-12-01,17257.4055158325,17257.4055158325,72215.5
"Programme Management","Programme Management","LS Management Fee",2023-01-01,17257.4055158325,17257.4055158325,154697
"Programme Management","Programme Management","LS Management Fee",2023-02-01,15587.3340143003,15587.3340143003,90596
"Programme Management","Programme Management","LS Management Fee",2023-03-01,17257.4055158325,17257.4055158325,167734.7
"Programme Management","Programme Management","LS Management Fee",2023-04-01,16700.7150153218,16700.7150153218,52883.5
"Programme Management","Programme Management","LS Management Fee",2023-05-01,17257.4055158325,17257.4055158325,55402.5
"Programme Management","Programme Management","LS Management Fee",2023-06-01,16700.7150153218,16700.7150153218,89000
"Programme Management","Programme Management","LS Management Fee",2023-07-01,17257.4055158325,17257.4055158325,52231.25
"Programme Management","Programme Management","LS Management Fee",2023-08-01,17257.4055158325,17257.4055158325,18681.58
"Programme Management","Programme Management","LS Management Fee",2023-09-01,16700.7150153218,16700.7150153218,41214.49
"Programme Management","Programme Management","LS Management Fee",2023-10-01,17257.4055158325,17257.4055158325,82428.99
"Programme Management","Programme Management","LS Management Fee",2023-11-01,16700.7150153218,16700.7150153218,176357.99
"Programme Management","Programme Management","LS Management Fee",2023-12-01,17257.4055158325,17257.4055158325,65864.8
"Programme Management","Programme Management","LS Management Fee",2024-01-01,17257.4055158325,17257.4055158325,65864.8
"Programme Management","Programme Management","LS Management Fee",2024-02-01,16144.024514811,16144.024514811,86443.15
"Programme Management","Programme Management","LS Management Fee",2024-03-01,17257.4055158325,17257.4055158325,116847.05
"Programme Management","Programme Management","LS Management Fee",2024-04-01,16700.7150153218,16700.7150153218,59072
"Programme Management","Programme Management","LS Management Fee",2024-05-01,17257.4055158325,17257.4055158325,53420.5
"Programme Management","Programme Management","LS Management Fee",2024-06-01,10020.4290091931,10020.4290091931,0
"Queenstown Maintenance","Queenstown Maintenance","Concept Design including investigations and consultations where applicable",2023-06-01,0,12000,0
"Queenstown Maintenance","Queenstown Maintenance","Construction - Maintenance",2023-06-01,0,32180,0
"Queenstown Maintenance","Queenstown Maintenance","Detailed Design",2023-06-01,0,2820,0
"Queenstown Maintenance","Queenstown Maintenance","MSQA",2023-09-01,0,0,0
"Rata St SNP","Rata St SNP","Concept Design including investigations and consultations where applicable",2022-02-01,0,6017.91044776119,0
"Rata St SNP","Rata St SNP","Concept Design including investigations and consultations where applicable",2022-03-01,0,6662.68656716418,0
"Rata St SNP","Rata St SNP","Concept Design including investigations and consultations where applicable",2022-04-01,0,1719.40298507463,0
"Rata St SNP","Rata St SNP","Construction",2023-10-01,157795.898333333,118800,80815.79
"Rata St SNP","Rata St SNP","Construction",2023-11-01,215176.225,162000,148548.18
"Rata St SNP","Rata St SNP","Construction",2023-12-01,57380.3266666667,43200,78850.43
"Rata St SNP","Rata St SNP","Construction",2024-01-01,0,0,30521.65
"Rata St SNP","Rata St SNP","Construction",2024-02-01,0,0,8031.42
"Rata St SNP","Rata St SNP","Construction",2024-05-01,0,0,2552.41
"Rata St SNP","Rata St SNP","Detailed Design",2022-08-01,8117.64705882353,6352.94117647059,0
"Rata St SNP","Rata St SNP","Detailed Design",2022-09-01,8117.64705882353,6352.94117647059,0
"Rata St SNP","Rata St SNP","Detailed Design",2022-10-01,8388.23529411765,6564.70588235294,0
"Rata St SNP","Rata St SNP","Detailed Design",2022-11-01,2976.47058823529,2329.41176470588,0
"Rata St SNP","Rata St SNP","MSQA",2023-10-01,5940,0,0
"Rata St SNP","Rata St SNP","MSQA",2023-11-01,8100,0,0
"Rata St SNP","Rata St SNP","MSQA",2023-12-01,2160,0,0
"Schools To Pool","Stage 1 - Aubrey and Kelly's Flat","Concept Design including investigations and consultations where applicable",2022-01-01,9700,30000,0
"Schools To Pool","Stage 1 - Aubrey and Kelly's Flat","Construction",2022-12-01,93356.6588826816,98044.6927374302,0
"Schools To Pool","Stage 1 - Aubrey and Kelly's Flat","Construction",2023-01-01,111309.862513966,116899.441340782,53696.97
"Schools To Pool","Stage 1 - Aubrey and Kelly's Flat","Construction",2023-02-01,100537.940335196,105586.592178771,82556.12
"Schools To Pool","Stage 1 - Aubrey and Kelly's Flat","Construction",2023-03-01,111309.862513966,116899.441340782,155958.17
"Schools To Pool","Stage 1 - Aubrey and Kelly's Flat","Construction",2023-04-01,107719.221787709,113128.491620112,219134.23
"Schools To Pool","Stage 1 - Aubrey and Kelly's Flat","Construction",2023-05-01,111309.862513966,116899.441340782,66043.33
"Schools To Pool","Stage 1 - Aubrey and Kelly's Flat","Construction",2023-06-01,7181.28145251397,7541.89944134078,33534.38
"Schools To Pool","Stage 1 - Aubrey and Kelly's Flat","Detailed Design",2022-02-01,27644.776119403,18805.9701492537,0
"Schools To Pool","Stage 1 - Aubrey and Kelly's Flat","Detailed Design",2022-03-01,30606.7164179104,20820.8955223881,0
"Schools To Pool","Stage 1 - Aubrey and Kelly's Flat","Detailed Design",2022-04-01,7898.50746268657,5373.13432835821,0
"Schools To Pool","Stage 1 - Aubrey and Kelly's Flat","MSQA",2022-12-01,5327.09497206704,0,0
"Schools To Pool","Stage 1 - Aubrey and Kelly's Flat","MSQA",2023-01-01,6351.53631284916,0,0
"Schools To Pool","Stage 1 - Aubrey and Kelly's Flat","MSQA",2023-02-01,5736.87150837989,0,0
"Schools To Pool","Stage 1 - Aubrey and Kelly's Flat","MSQA",2023-03-01,6351.53631284916,0,0
"Schools To Pool","Stage 1 - Aubrey and Kelly's Flat","MSQA",2023-04-01,6146.64804469274,0,0
"Schools To Pool","Stage 1 - Aubrey and Kelly's Flat","MSQA",2023-05-01,6351.53631284916,0,0
"Schools To Pool","Stage 1 - Aubrey and Kelly's Flat","MSQA",2023-06-01,409.776536312849,0,0
"Schools To Pool","Stage 1 - Aubrey and Kelly's Flat","Tender",2022-08-01,0,0,0
"Schools To Pool","Stage 1 - Aubrey and Kelly's Flat","Tender",2022-09-01,0,0,0
"Schools To Pool","Stage 1 - Aubrey and Kelly's Flat","Tender",2022-10-01,0,0,0
"Schools To Pool","Stage 1 - Aubrey and Kelly's Flat","Tender",2022-11-01,0,0,0
"Schools To Pool","Stage 2 - Kelly's Flat to Plantation Rd","Concept Design including investigations and consultations where applicable",2022-05-01,5388.09259259259,12888.8888888889,0
"Schools To Pool","Stage 2 - Kelly's Flat to Plantation Rd","Concept Design including investigations and consultations where applicable",2022-06-01,5573.88888888889,13333.3333333333,0
"Schools To Pool","Stage 2 - Kelly's Flat to Plantation Rd","Concept Design including investigations and consultations where applicable",2022-07-01,4087.51851851852,9777.77777777778,0
"Schools To Pool","Stage 2 - Kelly's Flat to Plantation Rd","Construction",2023-11-01,215453.899441341,108603.351955307,132633.75
"Schools To Pool","Stage 2 - Kelly's Flat to Plantation Rd","Construction",2023-12-01,278294.620111732,140279.329608939,202518.55
"Schools To Pool","Stage 2 - Kelly's Flat to Plantation Rd","Construction",2024-01-01,278294.620111732,140279.329608939,331328.61
"Schools To Pool","Stage 2 - Kelly's Flat to Plantation Rd","Construction",2024-02-01,260340.12849162,131229.05027933,266369.98
"Schools To Pool","Stage 2 - Kelly's Flat to Plantation Rd","Construction",2024-03-01,278294.620111732,140279.329608939,285308.29
"Schools To Pool","Stage 2 - Kelly's Flat to Plantation Rd","Construction",2024-04-01,269317.374301676,135754.189944134,89357.55
"Schools To Pool","Stage 2 - Kelly's Flat to Plantation Rd","Construction",2024-05-01,26931.7374301676,13575.4189944134,216974.22
"Schools To Pool","Stage 2 - Kelly's Flat to Plantation Rd","Detailed Design including tender",2022-09-01,1567.16417910448,1611.94029850746,0
"Schools To Pool","Stage 2 - Kelly's Flat to Plantation Rd","Detailed Design including tender",2022-10-01,4858.20895522388,4997.01492537313,0
"Schools To Pool","Stage 2 - Kelly's Flat to Plantation Rd","Detailed Design including tender",2022-11-01,4701.49253731343,4835.82089552239,0
"Schools To Pool","Stage 2 - Kelly's Flat to Plantation Rd","Detailed Design including tender",2022-12-01,4858.20895522388,4997.01492537313,0
"Schools To Pool","Stage 2 - Kelly's Flat to Plantation Rd","Detailed Design including tender",2023-01-01,4858.20895522388,4997.01492537313,0
"Schools To Pool","Stage 2 - Kelly's Flat to Plantation Rd","Detailed Design including tender",2023-02-01,4388.05970149254,4513.43283582089,0
"Schools To Pool","Stage 2 - Kelly's Flat to Plantation Rd","Detailed Design including tender",2023-03-01,4858.20895522388,4997.01492537313,0
"Schools To Pool","Stage 2 - Kelly's Flat to Plantation Rd","Detailed Design including tender",2023-04-01,4701.49253731343,4835.82089552239,0
"Schools To Pool","Stage 2 - Kelly's Flat to Plantation Rd","Detailed Design including tender",2023-05-01,4858.20895522388,4997.01492537313,0
"Schools To Pool","Stage 2 - Kelly's Flat to Plantation Rd","Detailed Design including tender",2023-06-01,4701.49253731343,4835.82089552239,0
"Schools To Pool","Stage 2 - Kelly's Flat to Plantation Rd","Detailed Design including tender",2023-07-01,4858.20895522388,4997.01492537313,0
"Schools To Pool","Stage 2 - Kelly's Flat to Plantation Rd","Detailed Design including tender",2023-08-01,3291.0447761194,3385.07462686567,0
"Schools To Pool","Stage 2 - Kelly's Flat to Plantation Rd","MSQA",2023-11-01,4424.58100558659,0,0
"Schools To Pool","Stage 2 - Kelly's Flat to Plantation Rd","MSQA",2023-12-01,5715.08379888268,0,0
"Schools To Pool","Stage 2 - Kelly's Flat to Plantation Rd","MSQA",2024-01-01,5715.08379888268,0,0
"Schools To Pool","Stage 2 - Kelly's Flat to Plantation Rd","MSQA",2024-02-01,5346.3687150838,0,0
"Schools To Pool","Stage 2 - Kelly's Flat to Plantation Rd","MSQA",2024-03-01,5715.08379888268,0,0
"Schools To Pool","Stage 2 - Kelly's Flat to Plantation Rd","MSQA",2024-04-01,5530.72625698324,0,0
"Schools To Pool","Stage 2 - Kelly's Flat to Plantation Rd","MSQA",2024-05-01,553.072625698324,0,0
"Schools To Pool","Stage 3 - Lismore Park to Hedditch Street","Concept Design including investigations and consultations where applicable",2022-05-01,0,10740.7407407407,0
"Schools To Pool","Stage 3 - Lismore Park to Hedditch Street","Concept Design including investigations and consultations where applicable",2022-06-01,0,11111.1111111111,0
"Schools To Pool","Stage 3 - Lismore Park to Hedditch Street","Concept Design including investigations and consultations where applicable",2022-07-01,0,8148.14814814815,0
"Schools To Pool","Stage 3 - Lismore Park to Hedditch Street","Construction",2023-09-01,48322.36,35526.3157894737,27507
"Schools To Pool","Stage 3 - Lismore Park to Hedditch Street","Construction",2023-10-01,136181.196363636,100119.61722488,149521.84
"Schools To Pool","Stage 3 - Lismore Park to Hedditch Street","Construction",2023-11-01,131788.254545455,96889.95215311,240424.75
"Schools To Pool","Stage 3 - Lismore Park to Hedditch Street","Construction",2023-12-01,136181.196363636,100119.61722488,107196.72
"Schools To Pool","Stage 3 - Lismore Park to Hedditch Street","Construction",2024-01-01,136181.196363636,100119.61722488,36241.48
"Schools To Pool","Stage 3 - Lismore Park to Hedditch Street","Construction",2024-02-01,127395.312727273,93660.2870813397,123604.07
"Schools To Pool","Stage 3 - Lismore Park to Hedditch Street","Construction",2024-03-01,136181.196363636,100119.61722488,155879.31
"Schools To Pool","Stage 3 - Lismore Park to Hedditch Street","Construction",2024-04-01,65894.1272727273,48444.976076555,51635.49
"Schools To Pool","Stage 3 - Lismore Park to Hedditch Street","Construction",2024-05-01,0,0,2842.4
"Schools To Pool","Stage 3 - Lismore Park to Hedditch Street","Detailed Design including tender",2022-09-01,791.641791044776,1343.28358208955,0
"Schools To Pool","Stage 3 - Lismore Park to Hedditch Street","Detailed Design including tender",2022-10-01,2454.08955223881,4164.17910447761,0
"Schools To Pool","Stage 3 - Lismore Park to Hedditch Street","Detailed Design including tender",2022-11-01,2374.92537313433,4029.85074626866,0
"Schools To Pool","Stage 3 - Lismore Park to Hedditch Street","Detailed Design including tender",2022-12-01,2454.08955223881,4164.17910447761,0
"Schools To Pool","Stage 3 - Lismore Park to Hedditch Street","Detailed Design including tender",2023-01-01,2454.08955223881,4164.17910447761,0
"Schools To Pool","Stage 3 - Lismore Park to Hedditch Street","Detailed Design including tender",2023-02-01,2216.59701492537,3761.19402985075,0
"Schools To Pool","Stage 3 - Lismore Park to Hedditch Street","Detailed Design including tender",2023-03-01,2454.08955223881,4164.17910447761,0
"Schools To Pool","Stage 3 - Lismore Park to Hedditch Street","Detailed Design including tender",2023-04-01,2374.92537313433,4029.85074626866,0
"Schools To Pool","Stage 3 - Lismore Park to Hedditch Street","Detailed Design including tender",2023-05-01,2454.08955223881,4164.17910447761,0
"Schools To Pool","Stage 3 - Lismore Park to Hedditch Street","Detailed Design including tender",2023-06-01,2374.92537313433,4029.85074626866,0
"Schools To Pool","Stage 3 - Lismore Park to Hedditch Street","Detailed Design including tender",2023-07-01,2454.08955223881,4164.17910447761,0
"Schools To Pool","Stage 3 - Lismore Park to Hedditch Street","Detailed Design including tender",2023-08-01,1662.44776119403,2820.89552238806,0
"Schools To Pool","Stage 3 - Lismore Park to Hedditch Street","MSQA",2023-09-01,1736.84210526316,0,0
"Schools To Pool","Stage 3 - Lismore Park to Hedditch Street","MSQA",2023-10-01,4894.73684210526,0,0
"Schools To Pool","Stage 3 - Lismore Park to Hedditch Street","MSQA",2023-11-01,4736.84210526316,0,0
"Schools To Pool","Stage 3 - Lismore Park to Hedditch Street","MSQA",2023-12-01,4894.73684210526,0,0
"Schools To Pool","Stage 3 - Lismore Park to Hedditch Street","MSQA",2024-01-01,4894.73684210526,0,0
"Schools To Pool","Stage 3 - Lismore Park to Hedditch Street","MSQA",2024-02-01,4578.94736842105,0,0
"Schools To Pool","Stage 3 - Lismore Park to Hedditch Street","MSQA",2024-03-01,4894.73684210526,0,0
"Schools To Pool","Stage 3 - Lismore Park to Hedditch Street","MSQA",2024-04-01,2368.42105263158,0,0
"Schools To Pool","Stage 4 - SH84 Crossing","Construction",2024-04-01,167164.179104478,214925.373134328,84818.2
"Schools To Pool","Stage 4 - SH84 Crossing","Construction",2024-05-01,647761.194029851,832835.820895522,606954.56
"Schools To Pool","Stage 4 - SH84 Crossing","Construction",2024-06-01,585074.626865672,752238.805970149,0
"Schools To Pool","Stage 4 - SH84 Crossing","Detailed Design including tender",2023-09-01,6025.23364485981,4485.98130841122,0
"Schools To Pool","Stage 4 - SH84 Crossing","Detailed Design including tender",2023-10-01,15565.1869158878,11588.785046729,0
"Schools To Pool","Stage 4 - SH84 Crossing","Detailed Design including tender",2023-11-01,15063.0841121495,11214.953271028,0
"Schools To Pool","Stage 4 - SH84 Crossing","Detailed Design including tender",2023-12-01,15565.1869158878,11588.785046729,0
"Schools To Pool","Stage 4 - SH84 Crossing","Detailed Design including tender",2024-01-01,15565.1869158878,11588.785046729,0
"Schools To Pool","Stage 4 - SH84 Crossing","Detailed Design including tender",2024-02-01,14560.9813084112,10841.1214953271,0
"Schools To Pool","Stage 4 - SH84 Crossing","Detailed Design including tender",2024-03-01,15565.1869158878,11588.785046729,0
"Schools To Pool","Stage 4 - SH84 Crossing","Detailed Design including tender",2024-04-01,9539.95327102804,7102.80373831776,0
"Schools To Pool","Stage 4 - SH84 Crossing","Feasability Stage",2022-07-01,7207.31707317073,3658.53658536585,0
"Schools To Pool","Stage 4 - SH84 Crossing","Feasability Stage",2022-08-01,7447.56097560976,3780.48780487805,0
"Schools To Pool","Stage 4 - SH84 Crossing","Feasability Stage",2022-09-01,7207.31707317073,3658.53658536585,0
"Schools To Pool","Stage 4 - SH84 Crossing","Feasability Stage",2022-10-01,7447.56097560976,3780.48780487805,0
"Schools To Pool","Stage 4 - SH84 Crossing","Feasability Stage",2022-11-01,7207.31707317073,3658.53658536585,0
"Schools To Pool","Stage 4 - SH84 Crossing","Feasability Stage",2022-12-01,7447.56097560976,3780.48780487805,0
"Schools To Pool","Stage 4 - SH84 Crossing","Feasability Stage",2023-01-01,7447.56097560976,3780.48780487805,0
"Schools To Pool","Stage 4 - SH84 Crossing","Feasability Stage",2023-02-01,6726.82926829268,3414.63414634146,0
"Schools To Pool","Stage 4 - SH84 Crossing","Feasability Stage",2023-03-01,7447.56097560976,3780.48780487805,0
"Schools To Pool","Stage 4 - SH84 Crossing","Feasability Stage",2023-04-01,7207.31707317073,3658.53658536585,0
"Schools To Pool","Stage 4 - SH84 Crossing","Feasability Stage",2023-05-01,6006.09756097561,3048.78048780488,0
"Schools To Pool","Stage 4 - SH84 Crossing","MSQA",2024-04-01,7164.17910447761,0,0
"Schools To Pool","Stage 4 - SH84 Crossing","MSQA",2024-05-01,27761.1940298507,0,0
"Schools To Pool","Stage 4 - SH84 Crossing","MSQA",2024-06-01,25074.6268656716,0,0
"Schools To Pool","Stage 5 - Ballantyne Road","Construction",2024-04-01,266997.747777778,193333.333333333,0
"Schools To Pool","Stage 5 - Ballantyne Road","Construction",2024-05-01,285411.385555556,206666.666666667,0
"Schools To Pool","Stage 5 - Ballantyne Road","Construction",2024-06-01,193343.196666667,140000,0
"Schools To Pool","Stage 5 - Ballantyne Road","Detailed Design including tender",2023-09-01,2642.20183486239,2642.20183486239,0
"Schools To Pool","Stage 5 - Ballantyne Road","Detailed Design including tender",2023-10-01,6825.6880733945,6825.6880733945,0
"Schools To Pool","Stage 5 - Ballantyne Road","Detailed Design including tender",2023-11-01,6605.50458715596,6605.50458715596,0
"Schools To Pool","Stage 5 - Ballantyne Road","Detailed Design including tender",2023-12-01,6825.6880733945,6825.6880733945,0
"Schools To Pool","Stage 5 - Ballantyne Road","Detailed Design including tender",2024-01-01,1100.91743119266,1100.91743119266,0
"Schools To Pool","Stage 5 - Ballantyne Road","Feasability Stage",2022-07-01,0,1097.56097560976,0
"Schools To Pool","Stage 5 - Ballantyne Road","Feasability Stage",2022-08-01,0,1134.14634146341,0
"Schools To Pool","Stage 5 - Ballantyne Road","Feasability Stage",2022-09-01,0,1097.56097560976,0
"Schools To Pool","Stage 5 - Ballantyne Road","Feasability Stage",2022-10-01,0,1134.14634146341,0
"Schools To Pool","Stage 5 - Ballantyne Road","Feasability Stage",2022-11-01,0,1097.56097560976,0
"Schools To Pool","Stage 5 - Ballantyne Road","Feasability Stage",2022-12-01,0,1134.14634146341,0
"Schools To Pool","Stage 5 - Ballantyne Road","Feasability Stage",2023-01-01,0,1134.14634146341,0
"Schools To Pool","Stage 5 - Ballantyne Road","Feasability Stage",2023-02-01,0,1024.39024390244,0
"Schools To Pool","Stage 5 - Ballantyne Road","Feasability Stage",2023-03-01,0,1134.14634146341,0
"Schools To Pool","Stage 5 - Ballantyne Road","Feasability Stage",2023-04-01,0,1097.56097560976,0
"Schools To Pool","Stage 5 - Ballantyne Road","Feasability Stage",2023-05-01,0,914.634146341463,0
"Schools To Pool","Stage 5 - Ballantyne Road","MSQA",2024-04-01,0,0,0
"Schools To Pool","Stage 5 - Ballantyne Road","MSQA",2024-05-01,0,0,0
"Schools To Pool","Stage 5 - Ballantyne Road","MSQA",2024-06-01,0,0,0
"Tuohys Gully and Ski Resort IS","Tuohys Gully and Ski Resort IS","Concept Design including investigations and consultations where applicable",2022-06-01,1384.61538461538,1661.53846153846,0
"Tuohys Gully and Ski Resort IS","Tuohys Gully and Ski Resort IS","Concept Design including investigations and consultations where applicable",2022-07-01,1589.74358974359,1907.69230769231,0
"Tuohys Gully and Ski Resort IS","Tuohys Gully and Ski Resort IS","Concept Design including investigations and consultations where applicable",2022-08-01,1589.74358974359,1907.69230769231,0
"Tuohys Gully and Ski Resort IS","Tuohys Gully and Ski Resort IS","Concept Design including investigations and consultations where applicable",2022-09-01,1538.46153846154,1846.15384615385,0
"Tuohys Gully and Ski Resort IS","Tuohys Gully and Ski Resort IS","Concept Design including investigations and consultations where applicable",2022-10-01,1589.74358974359,1907.69230769231,0
"Tuohys Gully and Ski Resort IS","Tuohys Gully and Ski Resort IS","Concept Design including investigations and consultations where applicable",2022-11-01,1538.46153846154,1846.15384615385,0
"Tuohys Gully and Ski Resort IS","Tuohys Gully and Ski Resort IS","Concept Design including investigations and consultations where applicable",2022-12-01,769.230769230769,923.076923076923,0
"Tuohys Gully and Ski Resort IS","Tuohys Gully and Ski Resort IS","Construction",2024-04-01,44388.679245283,67004.0094339623,0
"Tuohys Gully and Ski Resort IS","Tuohys Gully and Ski Resort IS","Construction",2024-05-01,91736.6037735849,138474.952830189,0
"Tuohys Gully and Ski Resort IS","Tuohys Gully and Ski Resort IS","Construction",2024-06-01,20714.7169811321,31268.5377358491,0
"Tuohys Gully and Ski Resort IS","Tuohys Gully and Ski Resort IS","Detailed Design",2023-02-01,20.7492795389049,45.7564841498559,0
"Tuohys Gully and Ski Resort IS","Tuohys Gully and Ski Resort IS","Detailed Design",2023-03-01,643.227665706052,1418.45100864553,0
"Tuohys Gully and Ski Resort IS","Tuohys Gully and Ski Resort IS","Detailed Design",2023-04-01,622.478386167147,1372.69452449568,0
"Tuohys Gully and Ski Resort IS","Tuohys Gully and Ski Resort IS","Detailed Design",2023-05-01,643.227665706052,1418.45100864553,0
"Tuohys Gully and Ski Resort IS","Tuohys Gully and Ski Resort IS","Detailed Design",2023-06-01,622.478386167147,1372.69452449568,0
"Tuohys Gully and Ski Resort IS","Tuohys Gully and Ski Resort IS","Detailed Design",2023-07-01,643.227665706052,1418.45100864553,0
"Tuohys Gully and Ski Resort IS","Tuohys Gully and Ski Resort IS","Detailed Design",2023-08-01,643.227665706052,1418.45100864553,0
"Tuohys Gully and Ski Resort IS","Tuohys Gully and Ski Resort IS","Detailed Design",2023-09-01,622.478386167147,1372.69452449568,0
"Tuohys Gully and Ski Resort IS","Tuohys Gully and Ski Resort IS","Detailed Design",2023-10-01,643.227665706052,1418.45100864553,0
"Tuohys Gully and Ski Resort IS","Tuohys Gully and Ski Resort IS","Detailed Design",2023-11-01,622.478386167147,1372.69452449568,0
"Tuohys Gully and Ski Resort IS","Tuohys Gully and Ski Resort IS","Detailed Design",2023-12-01,643.227665706052,1418.45100864553,0
"Tuohys Gully and Ski Resort IS","Tuohys Gully and Ski Resort IS","Detailed Design",2024-01-01,643.227665706052,1418.45100864553,0
"Tuohys Gully and Ski Resort IS","Tuohys Gully and Ski Resort IS","Detailed Design",2024-02-01,186.743515850144,411.808357348703,0
"Tuohys Gully and Ski Resort IS","Tuohys Gully and Ski Resort IS","MSQA",2024-04-01,1415.09433962264,0,0
"Tuohys Gully and Ski Resort IS","Tuohys Gully and Ski Resort IS","MSQA",2024-05-01,2924.52830188679,0,0
"Tuohys Gully and Ski Resort IS","Tuohys Gully and Ski Resort IS","MSQA",2024-06-01,660.377358490566,0,0
"Tuohys Gully and Ski Resort IS","Tuohys Gully and Ski Resort IS","Tender (maintenance)",2024-02-01,0,0,0
"Tuohys Gully and Ski Resort IS","Tuohys Gully and Ski Resort IS","Tender (maintenance)",2024-03-01,0,0,0
"Wanaka Maintenance '21","Wanaka Maintenance '21","Concept Design including investigations and consultations where applicable",2022-02-01,0,12000,0
"Wanaka Maintenance '21","Wanaka Maintenance '21","Construction - Maintenance",2022-02-01,0,14320,0
"Wanaka Maintenance '21","Wanaka Maintenance '21","Detailed Design",2022-02-01,0,1680,0
"Wanaka Maintenance '21","Wanaka Maintenance '21","MSQA",2022-03-01,0,0,0
"Wanaka Maintenance '22","Wanaka Maintenance '22","Concept Design including investigations and consultations where applicable",2022-11-01,3600,7200,0
"Wanaka Maintenance '22","Wanaka Maintenance '22","Concept Design including investigations and consultations where applicable",2022-12-01,2400,4800,0
"Wanaka Maintenance '22","Wanaka Maintenance '22","Construction - Maintenance",2023-08-01,0,0,21226.96
"Wanaka Maintenance '22","Wanaka Maintenance '22","Construction - Maintenance",2023-09-01,29480.3422222222,2668.51851851852,52.5
"Wanaka Maintenance '22","Wanaka Maintenance '22","Construction - Maintenance",2023-10-01,6700.07777777778,606.481481481481,14545.46
"Wanaka Maintenance '22","Wanaka Maintenance '22","Detailed Design",2022-12-01,0,975,0
"Wanaka Maintenance '22","Wanaka Maintenance '22","MSQA",2023-09-01,0,0,0
"Wanaka Maintenance '22","Wanaka Maintenance '22","MSQA",2023-10-01,0,0,0
